-5.286315957583089843e-03,-1.828023935208449371e-02,9.315329895705115604e-01,-1.562631110687495023e-02,3.296455687496944315e-02,4.052806260002086991e-01,9.134641594392782782e-01,5.723765157790953323e-02,3.835863498721826109e-03,1.905931718344150427e-01,2.955540861024170268e-02,-2.671491602181183533e-01,8.259280183564693401e-02,5.026817840943868798e-02,-7.124693423288631922e-02,-2.101417429708204998e-01,2.768042094836265996e-02,-2.386889428246489753e-01,1.051667604917199406e-01,4.205737096350400939e-03,5.003058587749558556e-03,-2.216044731105739490e-02,-1.078753314050810014e-01,3.394980232546479515e-01,-4.922087290006695315e-01,1.151410334090546383e+00,2.308456616151437490e-01,-1.079285151802616277e-01,-3.018110401696380216e-02,-1.447158289540123044e-01,-3.952177315813276137e-01,6.419914967594657629e-01,1.021835045933400021e+00,-2.989564913814260483e-01,-4.599712346008556774e-02,1.636182703152032347e-01
-5.055507057118159044e-03,-1.678751274603227164e-02,9.315204217576287249e-01,-1.590668394335561023e-02,3.323875652865126290e-02,4.043713603347718899e-01,9.138522667320804205e-01,5.603190065392285590e-02,3.412445706967757834e-03,1.906765432192227550e-01,3.473658089159038787e-02,-2.702830572163678613e-01,8.602713703595797623e-02,4.699602581666915968e-02,-7.280809137119639840e-02,-2.080952394697362373e-01,3.591154852469971570e-02,-2.414968862590409771e-01,1.050848447540728148e-01,-2.409049335303955737e-04,5.351914243290558856e-03,-2.513438228640674232e-02,-1.064178862943303550e-01,3.288982082783283301e-01,-4.931553298205322289e-01,1.179520771834854820e+00,2.316712079678727443e-01,-1.285289398290219154e-01,-2.034371479197230950e-02,-1.464810716078494557e-01,-3.861017883277341189e-01,6.448790353787549057e-01,1.047136534022886645e+00,-2.988922611464637780e-01,-6.191510120580216714e-02,1.529281571258615802e-01
-4.197396348268200676e-03,-1.668147992242092689e-02,9.315057228570171599e-01,-1.591115823670047683e-02,3.390351978895314589e-02,4.032354295796122257e-01,9.143295766413946923e-01,5.556931164575325960e-02,3.937374314078916082e-03,1.918265950073802517e-01,3.532076536237219871e-02,-2.700927244585679121e-01,8.621233118467953871e-02,4.593986135738030441e-02,-7.245099655370773606e-02,-2.074080755104696638e-01,3.617612937903447873e-02,-2.422324527723063170e-01,1.033519534852576638e-01,-1.498347372319581983e-03,6.968179219612455517e-03,-2.747511414921407352e-02,-1.058767160653393546e-01,3.257312466832804621e-01,-4.934059083844288263e-01,1.192315686586455037e+00,2.354024765546972320e-01,-1.390165240159247084e-01,-1.579376915606063581e-02,-1.496590467419249004e-01,-3.809670559160379666e-01,6.469651273732182073e-01,1.058227872769347044e+00,-3.013331899174649386e-01,-7.022664787797279484e-02,1.472533630622804568e-01
-3.934267716710746279e-03,-1.642542945364715290e-02,9.315258447863313807e-01,-1.618247506099255301e-02,3.417952053650733651e-02,4.026683452259966489e-01,9.145644272711203060e-01,5.597909372936733796e-02,4.158154036135596962e-03,1.916334767197540034e-01,3.402232951179996051e-02,-2.696407013021117072e-01,8.828828617841047444e-02,4.510128605065248653e-02,-7.199709334771574321e-02,-2.063375616592624251e-01,3.666089480834430758e-02,-2.416831868481579826e-01,1.022336438565903532e-01,-2.844105109296557465e-03,6.506945617948506691e-03,-2.725682007709488014e-02,-1.059390597752575408e-01,3.251721890097942214e-01,-4.920325641294745478e-01,1.197742500408664368e+00,2.366296669448034740e-01,-1.420384763066844525e-01,-1.373778837806653025e-02,-1.507051862006702492e-01,-3.779791385731902653e-01,6.449215378382648911e-01,1.063062919728820610e+00,-2.980250005853792850e-01,-7.256972739154030072e-02,1.457825744959744541e-01
-4.437726050182799233e-03,-1.689406544179387903e-02,9.314816503471794462e-01,-1.573074582242152755e-02,3.393404939517784269e-02,4.030879960429087916e-01,9.143965722669938900e-01,5.514539137074674080e-02,3.437911992687066320e-03,1.915865002887735258e-01,3.535288888294500775e-02,-2.694868805229560516e-01,8.799243592205971409e-02,4.492293552623348452e-02,-7.301111210396528384e-02,-2.071530490997044172e-01,3.747228206602939288e-02,-2.434110224856982085e-01,1.023266262268126003e-01,-1.468077223108767279e-03,6.313988402402190975e-03,-2.923588172208147623e-02,-1.080231566914611335e-01,3.246048366740743041e-01,-4.936068133320752893e-01,1.199212510834243295e+00,2.382779017626548423e-01,-1.441848101101304569e-01,-1.189793674271632552e-02,-1.513722977250517299e-01,-3.771839875477602244e-01,6.464962808467019650e-01,1.066688487113916173e+00,-3.001061151288611506e-01,-7.385581591799057766e-02,1.458736112740529334e-01
-4.852071987884678909e-03,-1.633991367269816905e-02,9.314410106504918963e-01,-1.598665182010029426e-02,3.399650415197164044e-02,4.026942697637852508e-01,9.145632781652889287e-01,5.520928424889159913e-02,2.898467833638156826e-03,1.918960932464705282e-01,3.507153306851414770e-02,-2.699869164014541134e-01,8.866844437170470772e-02,4.464006571803467299e-02,-7.346290610959317624e-02,-2.068082963655469286e-01,3.728637718261289952e-02,-2.430601414225449508e-01,1.023314754056909581e-01,-2.041684328463603745e-03,5.227496375988358382e-03,-2.868587187278794776e-02,-1.079475873427331173e-01,3.235353910903164265e-01,-4.924149926918780507e-01,1.199571431479306227e+00,2.358190953289713565e-01,-1.444364095826469740e-01,-1.046477541663895158e-02,-1.515211533157395651e-01,-3.764123456391976208e-01,6.440213681016944136e-01,1.069143669856432943e+00,-2.971895485515508306e-01,-7.355220160081449299e-02,1.458366262924045420e-01
-3.236998604784377571e-03,-1.671474533098988094e-02,9.313901684203417242e-01,-1.541677549356287348e-02,3.476213422455009389e-02,4.007745814494220182e-01,9.153871595787085313e-01,5.575241254690614656e-02,3.356869371482240107e-03,1.924195113910162069e-01,3.519125804739269697e-02,-2.691784222226636936e-01,8.818919208876012383e-02,4.425303345497553359e-02,-7.294465326529525617e-02,-2.060795428424317677e-01,3.694408843654008873e-02,-2.457469361390659801e-01,1.017888580855103170e-01,-1.461899837016886802e-03,6.358118224974278199e-03,-2.910255240942383886e-02,-1.054505011199942666e-01,3.251955660025204753e-01,-4.949252739731683781e-01,1.203093839466326864e+00,2.349387799646806274e-01,-1.461050999666198280e-01,-1.045416362164710601e-02,-1.523538496194112579e-01,-3.744581399214821360e-01,6.456872824137123157e-01,1.067258202865922545e+00,-2.974700392339809096e-01,-7.596211593689441988e-02,1.447250054185780788e-01
-4.069116151146376023e-03,-1.647332791178233308e-02,9.313368433216461240e-01,-1.580181020358447166e-02,3.450051698490794877e-02,4.018586472876467530e-01,9.149151024670030274e-01,5.526788417427867806e-02,3.094710857949686637e-03,1.918561966821299147e-01,3.487454021473661292e-02,-2.703071561971687187e-01,8.792423765546981962e-02,4.403770916480986147e-02,-7.329759410233510630e-02,-2.071176434297012092e-01,3.754508645514170045e-02,-2.450649430051196620e-01,1.017935449038912116e-01,-1.124639140182788748e-03,5.052013004228855277e-03,-2.996204843874966661e-02,-1.075931865523434006e-01,3.245643024042116909e-01,-4.932280055631615423e-01,1.202793918758967573e+00,2.341691384350763350e-01,-1.460119050044022260e-01,-8.729905457593625795e-03,-1.512965821639808417e-01,-3.746554188580614175e-01,6.454393143982122272e-01,1.069639965736038256e+00,-2.977052212185767877e-01,-7.472042815650600800e-02,1.439778685210115483e-01
-3.643598428957322416e-03,-1.682803054024102629e-02,9.312979966659534758e-01,-1.556023860627942824e-02,3.463538436573547485e-02,4.020321531061050724e-01,9.148379184277524168e-01,5.441739380142741889e-02,3.257637823072696663e-03,1.902163713897128960e-01,3.646685948951396833e-02,-2.709832948095214911e-01,8.835651769685154422e-02,4.408985559908890073e-02,-7.320746960779715706e-02,-2.081297179583831702e-01,3.776985566242109515e-02,-2.464669348193589404e-01,1.010581935380669705e-01,-6.284590743418732011e-04,5.254080227750097809e-03,-3.052131721538560438e-02,-1.084960085447984612e-01,3.246795863678312299e-01,-4.934578194863392109e-01,1.204664508631735353e+00,2.333319497590887470e-01,-1.456917793656184179e-01,-8.142019372515114581e-03,-1.508847535466264489e-01,-3.727616712314762437e-01,6.438468999937786430e-01,1.071118840220738999e+00,-2.951581043573919261e-01,-7.438225192661818141e-02,1.438489970160083953e-01
-4.310890451116849986e-03,-1.704394832709110741e-02,9.312774051014951482e-01,-1.558102630946940972e-02,3.425767147921113254e-02,4.023262586994665324e-01,9.147224853062573269e-01,5.427729860902562320e-02,2.992106793630226226e-03,1.895088526187740374e-01,3.634600996709964199e-02,-2.715047762128898201e-01,8.944687764235541294e-02,4.399866288570529471e-02,-7.325629009633836952e-02,-2.074101349108195269e-01,3.784794050907668017e-02,-2.461409585994993876e-01,9.890055089858452997e-02,2.090305838713130832e-04,4.416391665707139133e-03,-3.144611713611719650e-02,-1.108154807767800787e-01,3.238372348147610658e-01,-4.931320314059762233e-01,1.205701888361173202e+00,2.320375374321934636e-01,-1.450828231906492183e-01,-8.805401083462043726e-03,-1.508813950237091750e-01,-3.719043787738492424e-01,6.426836961310278262e-01,1.073222246202071739e+00,-2.946108046217502663e-01,-7.355246552717691066e-02,1.438886106967931233e-01
-3.205236125898732608e-03,-1.765525464859771243e-02,9.313036231123720254e-01,-1.510737331115812564e-02,3.460856768070568606e-02,4.028518236770273209e-01,9.144858787727785376e-01,5.344159862608661993e-02,3.454028987335422234e-03,1.873800375089476333e-01,3.784648522199609427e-02,-2.705259547704271239e-01,8.913296304192719344e-02,4.430394348844975128e-02,-7.263339015977755830e-02,-2.062859799001052485e-01,3.794600615444453789e-02,-2.477881788493788429e-01,9.517611824264871068e-02,1.072693235541531372e-03,4.981344676835123067e-03,-3.189782477259528459e-02,-1.122868485947270539e-01,3.247250592003972924e-01,-4.938644861113721252e-01,1.209679957712953113e+00,2.331000967688640346e-01,-1.439510585542951027e-01,-9.354439275059727582e-03,-1.502088211264630269e-01,-3.691739604524553742e-01,6.423122587963571162e-01,1.074986644205494724e+00,-2.951121857310660124e-01,-7.264078337275502173e-02,1.441704192526638839e-01
-2.904902300666193336e-03,-1.772385853909814318e-02,9.312378501274024556e-01,-1.513676925873783455e-02,3.473284607605702651e-02,4.038186194014388719e-01,9.140541724890164366e-01,5.315635682169895376e-02,3.770275783677492706e-03,1.876350079193719878e-01,3.793098317058982150e-02,-2.712560032842308289e-01,8.764947549323529041e-02,4.509716374516380133e-02,-7.266578477640550648e-02,-2.105875038638529151e-01,3.751903398469098871e-02,-2.484779916132765498e-01,9.592219972098181557e-02,3.679516365898385672e-03,3.103587614337774327e-03,-3.159235184936171059e-02,-1.152052208351368734e-01,3.258770434534458138e-01,-4.936139664306315455e-01,1.209095352427901116e+00,2.344662540310083476e-01,-1.440556024618317721e-01,-7.919536929352433141e-03,-1.482851916324847696e-01,-3.688613426778838966e-01,6.428917637602085122e-01,1.074442193690001490e+00,-2.979468532628272714e-01,-7.332027105229516062e-02,1.419155908199874749e-01
-3.340077410263590785e-03,-1.919236330850578737e-02,9.311860203475164077e-01,-1.451111035217024503e-02,3.427486394177420986e-02,4.051811905705033912e-01,9.134784421024882972e-01,5.176780965446595162e-02,3.731693363548139845e-03,1.858226077546358268e-01,3.887258707358056536e-02,-2.710335396146091314e-01,8.711653401734559266e-02,4.552812345613610479e-02,-7.278306448753701918e-02,-2.123709727208070441e-01,3.687595282836370753e-02,-2.494534071688493948e-01,9.470874156862151005e-02,6.151251645709762510e-03,1.896323627846059970e-03,-3.112003786190090798e-02,-1.204608620393512464e-01,3.262974659615778261e-01,-4.917577448985102628e-01,1.209170498657099468e+00,2.314264734613260543e-01,-1.437677338665071525e-01,-5.880746544062337780e-03,-1.478944528427535710e-01,-3.671454781651675159e-01,6.410597289717099301e-01,1.074876216550340713e+00,-2.942844362673560088e-01,-7.283751500991303418e-02,1.412470956084061480e-01
-2.305394434333425668e-03,-1.962319510273313056e-02,9.312213532055956255e-01,-1.417726633455834370e-02,3.424649842712559900e-02,4.060866195263652112e-01,9.130826030028216245e-01,5.219743180133529226e-02,4.440258520887526567e-03,1.838071265986428726e-01,3.918813501167121849e-02,-2.704718344481709114e-01,8.674947085330673990e-02,4.634666050531272008e-02,-7.204984057481565729e-02,-2.132909646604768117e-01,3.806235621812437131e-02,-2.506218007143551363e-01,9.135881199555548338e-02,7.538779399901466768e-03,1.215860948775591543e-03,-3.043761446671263207e-02,-1.217475669612882311e-01,3.286847957283477450e-01,-4.905252820323072194e-01,1.208884368136507570e+00,2.320870878999590492e-01,-1.421038621922052492e-01,-3.964439736297464129e-03,-1.458874005694673071e-01,-3.656381554387172494e-01,6.411445940026105905e-01,1.073535977754111137e+00,-2.952033510781625902e-01,-7.247899792132264651e-02,1.403156875476452570e-01
-2.830268806207676506e-03,-1.975690351080352028e-02,9.311314970237795086e-01,-1.461905623734411665e-02,3.439331143717724859e-02,4.074097218803342524e-01,9.124805213485394084e-01,5.016236231809441393e-02,4.554189036920656790e-03,1.815893393009376522e-01,3.980895137542809353e-02,-2.722903008276237879e-01,8.565278665282413662e-02,4.636811676576091390e-02,-7.198906905840379844e-02,-2.172815054553686731e-01,3.664051546855194574e-02,-2.501238938078834684e-01,9.281290575779932439e-02,9.387108219787479793e-03,-1.077208195065609136e-03,-3.057918885017256450e-02,-1.262986827782461297e-01,3.296425795677497272e-01,-4.956027130644274914e-01,1.208060781264794104e+00,2.334937270309984936e-01,-1.412743703959439268e-01,-2.754800936736895474e-03,-1.441471707026583671e-01,-3.657758836998681873e-01,6.428990467223493210e-01,1.074214144403560001e+00,-2.929321425930481171e-01,-7.106048676080276016e-02,1.424838206629619741e-01
-2.530981472398586250e-03,-2.082611718761297193e-02,9.310429590856856841e-01,-1.434229021075376920e-02,3.438983994693406432e-02,4.087736140059287648e-01,9.118748653803687709e-01,4.855044159786663788e-02,5.103965289494001058e-03,1.781855610267999990e-01,4.101911891196557275e-02,-2.736184979417146113e-01,8.395203138376607088e-02,4.710209345763469863e-02,-7.122268502048900718e-02,-2.191473639231740211e-01,3.536692991254754281e-02,-2.519073215751868600e-01,9.111783477038901125e-02,1.164992295705835970e-02,-1.834861422625493977e-03,-2.822122367532531317e-02,-1.306804296652933350e-01,3.322195628503111786e-01,-4.990082119077611233e-01,1.206340346611583625e+00,2.377529701019988895e-01,-1.430485356943904940e-01,-4.648298840352289851e-03,-1.433303763006014975e-01,-3.673578178710488196e-01,6.464221656782525027e-01,1.068575184073078166e+00,-2.961843782057693164e-01,-7.348980423272029328e-02,1.453356985144848290e-01
-2.735738355911102385e-03,-2.258463368017190470e-02,9.310102576857672840e-01,-1.386768118684573309e-02,3.368631074043991480e-02,4.103376356569236050e-01,9.112057641667349328e-01,4.709182290550506522e-02,6.166441349365359495e-03,1.763599445054383763e-01,4.271838575370326407e-02,-2.743870286372175338e-01,8.336736970914487843e-02,4.809909571723409993e-02,-7.038235230962711086e-02,-2.234336827356185329e-01,3.452041532905451848e-02,-2.522152586265140606e-01,8.957938957925778989e-02,1.414265938147086545e-02,-3.313321984196371250e-03,-2.729175756976294498e-02,-1.351989132712501096e-01,3.361838047834945220e-01,-5.029063822146784268e-01,1.201323600828743787e+00,2.407690686253416701e-01,-1.450415123573661480e-01,-2.079081747354707618e-03,-1.448129098376885471e-01,-3.693267940008556072e-01,6.519294004842679513e-01,1.064986659645498657e+00,-2.996579937540773120e-01,-7.490773200991870939e-02,1.470483182480384898e-01
-1.544262497594453727e-03,-2.369942414648275320e-02,9.310247614633948565e-01,-1.308012061530827372e-02,3.355198714960212769e-02,4.125220009033640500e-01,9.102355592777540139e-01,4.614815369450983584e-02,6.920396083696886760e-03,1.732017354190332203e-01,4.517949804361329202e-02,-2.736851886322863026e-01,8.067411573251191681e-02,4.992397453863246792e-02,-7.000242907082462884e-02,-2.277853076321173509e-01,3.507362580663088425e-02,-2.544620423840894818e-01,8.683832205452583775e-02,1.716862682398427251e-02,-4.506900501791747359e-03,-2.641546352219238322e-02,-1.384770188049369855e-01,3.383009867153974337e-01,-5.015620686607705769e-01,1.200976564388273715e+00,2.391156330175855105e-01,-1.455840706477924407e-01,8.070935956685358105e-04,-1.482414459170385002e-01,-3.708822278492867053e-01,6.523799875185812835e-01,1.060638516398082709e+00,-2.992926385423817504e-01,-7.639261321852111597e-02,1.456474270768475798e-01
-1.019582482552044110e-03,-2.461220172178165549e-02,9.310005141674529971e-01,-1.278459852243489514e-02,3.361313847263156657e-02,4.140721231291059623e-01,9.095333901567289603e-01,4.497605888397647467e-02,7.418396318699431273e-03,1.704002221889794055e-01,4.582170050597375588e-02,-2.738102807154559337e-01,7.970436527186665343e-02,5.057361901632534407e-02,-6.949940552375254155e-02,-2.313337883701176156e-01,3.472524415814719212e-02,-2.557458186579888992e-01,8.491671014247345606e-02,1.878153590515055371e-02,-6.169971838823697791e-03,-2.536202737297388321e-02,-1.412543880124710605e-01,3.398741842365622934e-01,-5.034851876438104501e-01,1.199514296485688636e+00,2.377941909826135070e-01,-1.461378682837921605e-01,1.408427838084859397e-03,-1.603306549384031499e-01,-3.745304994658229525e-01,6.564701156955307093e-01,1.053406692999898864e+00,-2.986250553162004828e-01,-7.849170024529344980e-02,1.437244287007906351e-01
1.449278482775866184e-04,-2.592145710421811869e-02,9.310053915788121248e-01,-1.185947761473376931e-02,3.364556450187189407e-02,4.168778236464985576e-01,9.082621917330993000e-01,4.272236271886859643e-02,8.004823520912602436e-03,1.681511943458230129e-01,4.955064543904548480e-02,-2.726165472728918071e-01,7.821167147991346658e-02,5.317496349903179376e-02,-6.927367497202571722e-02,-2.361731401665969343e-01,3.320199228149694343e-02,-2.579222780542087534e-01,8.394251730444200754e-02,2.303911508895711488e-02,-7.199882879241083916e-03,-2.692229388306632137e-02,-1.461855319180987434e-01,3.404256094973995839e-01,-5.068595041252403899e-01,1.199144469099616694e+00,2.361122018787472632e-01,-1.464447187686492569e-01,-1.668375495969109685e-03,-1.749425471907631591e-01,-3.790927301063356514e-01,6.598829850868693780e-01,1.047000439605486166e+00,-2.964536488746645770e-01,-7.943185420332725399e-02,1.467478908644088698e-01
1.584379552997038261e-03,-2.766623491199898810e-02,9.310284877476476817e-01,-1.103805114379242426e-02,3.336054454436162414e-02,4.188443207491200360e-01,9.073779094020623104e-01,4.176407168438477091e-02,9.757474884843159169e-03,1.651432926105876609e-01,5.184027328559672604e-02,-2.718693748073733318e-01,7.491542970921505340e-02,5.468798555495665153e-02,-6.792224034821008061e-02,-2.407080117111906614e-01,3.378180257014125332e-02,-2.591706439327528533e-01,8.118867419089734194e-02,2.538693249424972542e-02,-8.138355909409814709e-03,-2.659868085917358599e-02,-1.508712392300022853e-01,3.426488553922818481e-01,-5.070075227069600343e-01,1.197466409961323253e+00,2.365565799282491610e-01,-1.473098230459534974e-01,-2.083270977791583291e-03,-1.902286400604698280e-01,-3.831463878499439257e-01,6.622680606452242547e-01,1.043700325386305972e+00,-2.968819364844000330e-01,-7.995372221090581155e-02,1.480209390229365873e-01
2.470056471411066421e-03,-2.658914840172442798e-02,9.310043809539350068e-01,-1.084106565936465011e-02,3.359628003475453872e-02,4.209806058044029409e-01,9.063824197322848386e-01,4.169172604046539332e-02,8.868694532145195847e-03,1.628181261306752003e-01,5.420931940724826870e-02,-2.722127734501891272e-01,7.389231708127556864e-02,5.802475031210196921e-02,-6.883124820862460136e-02,-2.437481638215548141e-01,3.263515889402993086e-02,-2.605610639774962878e-01,8.150085422296782234e-02,2.936464225108818479e-02,-9.544370828512244859e-03,-2.834341258059709656e-02,-1.576400848943255995e-01,3.399988810047056553e-01,-5.063745840596938219e-01,1.198554946399082555e+00,2.305520987457407300e-01,-1.463019217253187232e-01,1.055085989504897168e-03,-2.085766495014277355e-01,-3.846928328353020343e-01,6.617300837042388029e-01,1.040615016485487043e+00,-2.921528658781235022e-01,-7.853911775803458506e-02,1.451462338437562449e-01
2.926529788628578869e-03,-2.770634470191817370e-02,9.309515778246740814e-01,-1.018471686857500176e-02,3.321301984510441341e-02,4.224712118357377699e-01,9.057103521684616299e-01,4.069651740659477324e-02,9.401170538205856977e-03,1.612729960351868552e-01,5.661771881743046103e-02,-2.724888895548731038e-01,7.298127059652304016e-02,5.989686380225141271e-02,-6.863770011171597962e-02,-2.489041233282991428e-01,3.185321062954580423e-02,-2.620927647195016030e-01,8.206439856823549706e-02,3.241982836641057325e-02,-1.071119846093595770e-02,-2.967922021096974089e-02,-1.688785510864713457e-01,3.416056507196046366e-01,-5.094363160005588309e-01,1.194038294773567488e+00,2.315597188218436464e-01,-1.481966303719910449e-01,1.216008080161017774e-03,-2.254976650808646343e-01,-3.883439050392972214e-01,6.604322920838404665e-01,1.038390391048944927e+00,-2.885618718247358050e-01,-7.918374466424669966e-02,1.470864120274864850e-01
4.126163039525842201e-03,-2.811397607167742327e-02,9.309073174215556357e-01,-9.445344374241193205e-03,3.297444906593352543e-02,4.257713600360102935e-01,9.041804134969613216e-01,3.927711201807511376e-02,9.576608043696532846e-03,1.569827363901863948e-01,6.128590367037809600e-02,-2.734704559226848186e-01,7.022930201379930237e-02,6.336381742046451326e-02,-6.872968626740133535e-02,-2.538671980532640760e-01,3.189068077444320165e-02,-2.648148758432968819e-01,8.004622334936550843e-02,3.812775299852258493e-02,-1.067750917942738090e-02,-3.218420946330709242e-02,-1.873595958072675205e-01,3.440884430850268960e-01,-5.118218695705946120e-01,1.190762716948247979e+00,2.222276238418060545e-01,-1.494164618322950944e-01,2.815930201595068239e-03,-2.515390708620228177e-01,-3.920176729058086340e-01,6.596600824144815967e-01,1.032536035654288975e+00,-2.788430322674356199e-01,-8.011740593232100083e-02,1.408838957221712485e-01
6.992135354003669277e-03,-2.925939049880310616e-02,9.309342112186532736e-01,-8.309470812495259665e-03,3.318162494346027502e-02,4.288387619321343269e-01,9.027332101598132263e-01,3.858812886066072256e-02,1.136591332386806957e-02,1.546799128711631166e-01,6.490795232755679212e-02,-2.717371271591578208e-01,6.555406092214730029e-02,6.721713214580550544e-02,-6.741356132555172131e-02,-2.600594426294848827e-01,3.140102488201253900e-02,-2.676543014410795451e-01,7.658772610249060808e-02,4.232965172543091265e-02,-9.120050182334110689e-03,-3.476420653515231718e-02,-2.072149256981355991e-01,3.480113977913903978e-01,-5.107620456648623852e-01,1.190023465075510378e+00,2.162455286849132574e-01,-1.514639350531164497e-01,4.053005846564102822e-03,-2.764612194333906925e-01,-3.954288592188425766e-01,6.578810435914377308e-01,1.033566339559960134e+00,-2.764775735384096822e-01,-8.031927806992718299e-02,1.347536773779921260e-01
9.643836010767022071e-03,-2.903046134792493585e-02,9.309541105942782391e-01,-7.562490531345810937e-03,3.367795684488014002e-02,4.311260716177970354e-01,9.016312518602730419e-01,3.899563849059833887e-02,1.196885759039415485e-02,1.521483983096643122e-01,6.764377733415868899e-02,-2.711841762717576709e-01,6.232948229409004948e-02,7.135150298283761405e-02,-6.680634845642989539e-02,-2.643075991221817689e-01,3.016010626849553386e-02,-2.699125976440242547e-01,7.388003420625847972e-02,4.676681270854319422e-02,-7.805296512756991142e-03,-3.674015218682615685e-02,-2.274276286470794106e-01,3.530433953869914765e-01,-5.104323542201570918e-01,1.187403833302286271e+00,2.050198800705943791e-01,-1.539083634439153137e-01,6.355156206346641856e-03,-3.051485547385199282e-01,-3.986379437907779377e-01,6.582741165359660140e-01,1.035082963629831765e+00,-2.695806005630889679e-01,-8.108492649874843305e-02,1.293297046001820882e-01
1.126642891233625016e-02,-3.073239747047912251e-02,9.310446607575818545e-01,-6.268927798951532196e-03,3.287911810797565504e-02,4.362018704877547726e-01,8.992261074499989792e-01,3.704031287096283542e-02,1.318840333091958125e-02,1.470631302064471790e-01,7.318903322805409006e-02,-2.696652349028287876e-01,5.793725442236765527e-02,7.595790429623393292e-02,-6.577691299624384424e-02,-2.697620308201064132e-01,3.035588434164677302e-02,-2.716551308673857412e-01,7.033867983479194508e-02,5.488058434975651850e-02,-6.452983355173546633e-03,-4.040388565638983881e-02,-2.534601354654676952e-01,3.614130183275355290e-01,-5.062646685083276310e-01,1.179640194344300452e+00,1.907365453415370560e-01,-1.577922646047188737e-01,1.202366202422042694e-02,-3.422990581378452801e-01,-4.011775415187915361e-01,6.548125163558208284e-01,1.037317375462045499e+00,-2.656147633356256699e-01,-8.107871927985667304e-02,1.153363356651928295e-01
1.309402623957029235e-02,-3.177286497806357246e-02,9.310893739447180240e-01,-5.144929143661176180e-03,3.300253472909463193e-02,4.389875697553150546e-01,8.978720822065264784e-01,3.580682577148607687e-02,1.336624503872300106e-02,1.421935045438441347e-01,7.632444265896499991e-02,-2.679185111757679261e-01,5.544837424146360771e-02,7.930844927980386372e-02,-6.537154593184330009e-02,-2.745870532175523349e-01,2.881469083443711013e-02,-2.732428294724397189e-01,6.917098767836823980e-02,6.036778522418743964e-02,-5.131343450421996591e-03,-4.385535204445105417e-02,-2.801362992126467666e-01,3.687508650339575422e-01,-5.053404872292084349e-01,1.177110355221638205e+00,1.791217574682196778e-01,-1.584736832264817818e-01,1.650274743876179936e-02,-3.758206350607373181e-01,-4.023579644333301619e-01,6.520056166671888143e-01,1.045844742824099338e+00,-2.556269696110406997e-01,-7.901163710931199957e-02,1.071229828530857742e-01
1.472753525060001810e-02,-3.419632433480180450e-02,9.312370018223534718e-01,-3.146428518181999204e-03,3.176724402999132890e-02,4.415374109765147215e-01,8.966747776660580760e-01,3.564148563209486309e-02,1.460687368252249624e-02,1.395731870916311901e-01,8.146031477119526631e-02,-2.648134895526825794e-01,5.169463930987192035e-02,8.366249659604135802e-02,-6.426259512606542768e-02,-2.763593451924448163e-01,2.863868594053121247e-02,-2.745657779178842239e-01,6.578055353340601930e-02,6.818786873838038332e-02,-4.766863478961327720e-03,-4.536138144947955697e-02,-3.104008080726504137e-01,3.758297905949526396e-01,-4.978107439045396654e-01,1.175488189262937855e+00,1.597291743210531023e-01,-1.602231568167923059e-01,2.792597522109057165e-02,-4.127658377188434535e-01,-4.025153756896904245e-01,6.489427098512803305e-01,1.058006926821083882e+00,-2.510428313261185429e-01,-7.682144497016041296e-02,8.915128714311140734e-02
1.491495351818593676e-02,-3.651479277931998085e-02,9.313383093731901763e-01,-1.793561638345062947e-03,3.037843546034858094e-02,4.458360917239218568e-01,8.945971792443616621e-01,3.446290133184402860e-02,1.508625471526498819e-02,1.358100920172992943e-01,8.416190630054798394e-02,-2.620849199152787135e-01,4.793942972857070245e-02,8.887022108660530550e-02,-6.340508869893132782e-02,-2.831632499645566070e-01,2.509054402142670004e-02,-2.736898740513761252e-01,6.466978223560457262e-02,7.743893357186017179e-02,-3.584351125446276574e-03,-5.075231394185989592e-02,-3.468287667061509261e-01,3.863535474897822897e-01,-4.959015055920656390e-01,1.169355217425817051e+00,1.412572478538436371e-01,-1.607078950005252360e-01,3.813394872912034134e-02,-4.523945751312863361e-01,-4.012735818200551807e-01,6.414945355890575573e-01,1.070395040695413025e+00,-2.309412253743432508e-01,-7.395567531046232101e-02,7.289330891058473649e-02
1.644445366616809068e-02,-3.816540404722525842e-02,9.313440048453087705e-01,-2.824064297721026913e-04,2.943896672337534964e-02,4.480568499158275597e-01,8.935201882041464705e-01,3.592780746193670327e-02,1.603925718963162411e-02,1.332080113597649551e-01,8.539288736114675205e-02,-2.599380866197734674e-01,4.202511540474632851e-02,9.324169087863243277e-02,-6.233600567106722945e-02,-2.854332572796000056e-01,2.394143044083677993e-02,-2.750222914264435214e-01,6.594953539271079801e-02,8.360204637156344598e-02,-2.430761352695889888e-03,-5.410835696816787554e-02,-3.826866759545490271e-01,3.987123361167907998e-01,-4.927369787267539825e-01,1.166516403363234033e+00,1.214330410372545521e-01,-1.595841188817003209e-01,4.606919704369450558e-02,-4.921815904220554483e-01,-4.014873372138118013e-01,6.363916316743453150e-01,1.085994851940764505e+00,-2.160639665883156146e-01,-7.038675976532536571e-02,5.904841982306083259e-02
1.561744916578074183e-02,-4.088981979070658440e-02,9.314334119147966717e-01,1.354243735649596995e-03,2.732471432082023838e-02,4.526349465191500387e-01,8.912761251154408537e-01,3.392171095539996822e-02,1.582345923996322096e-02,1.280876263240128821e-01,9.035567702296995463e-02,-2.574501720374613445e-01,3.608934946113023789e-02,9.753499256498371350e-02,-6.258731235746532728e-02,-2.913045506207235236e-01,2.312189577052623998e-02,-2.745809192160652557e-01,6.507137257359046911e-02,9.193395391428454966e-02,-9.743260729345951804e-04,-5.762021813870412540e-02,-4.232852309297712723e-01,4.113250960291949809e-01,-4.932805915545080411e-01,1.159079140116770157e+00,1.025937927790016302e-01,-1.583099779467143919e-01,5.702651126280371824e-02,-5.352899312877588134e-01,-3.977949990446996709e-01,6.264123028076001853e-01,1.100569227882920886e+00,-1.922878259288385572e-01,-6.469546339684324743e-02,3.728569958073509050e-02
1.640481019071777027e-02,-4.469975625332456987e-02,9.315423190210609938e-01,4.190783820344320260e-03,2.534114909716395428e-02,4.571496564297804488e-01,8.890188159535987733e-01,3.222097519998681769e-02,1.618678231308577631e-02,1.244647321722609778e-01,9.703276477740170602e-02,-2.522006801775828477e-01,2.928790129707820045e-02,1.029000301348968194e-01,-6.251456797722261538e-02,-2.975164860805640243e-01,2.255869521886248383e-02,-2.770671270444212686e-01,6.224973406625655681e-02,1.006870839867234219e-01,-1.239104173746240906e-04,-6.124109267572987875e-02,-4.679483774924732553e-01,4.245825884689214402e-01,-4.915665529782340393e-01,1.154089047720780359e+00,8.345169848000916213e-02,-1.565671014494897928e-01,6.279841912597550202e-02,-5.773725973549881374e-01,-3.989658664353236128e-01,6.178862991600219123e-01,1.112686814173813987e+00,-1.734023446565650384e-01,-6.280137255457395040e-02,1.631349407363168538e-02
1.592641285179861865e-02,-4.847954579483979703e-02,9.317103483103473804e-01,6.985807462701807552e-03,2.310541338856392929e-02,4.619003233616504334e-01,8.866033101926922289e-01,2.877950971493078297e-02,1.523310953135728618e-02,1.202730441499424707e-01,1.059126439345044607e-01,-2.468704512787021910e-01,2.431123608913606654e-02,1.080180114657046803e-01,-6.387794750721201287e-02,-3.064417777409190746e-01,2.170533877546653931e-02,-2.780679348132241713e-01,6.113174774027471670e-02,1.100067970351240598e-01,5.734035231203700456e-04,-6.141185180567312191e-02,-5.129927182522205920e-01,4.359278752782099753e-01,-4.940669865186909648e-01,1.151371639114942225e+00,6.128775771750362422e-02,-1.535569622251990451e-01,7.131317965345247700e-02,-6.218463191332904705e-01,-4.012190728334164569e-01,6.079356412877084948e-01,1.127052197908808395e+00,-1.425879261347364479e-01,-5.811713755205033527e-02,-5.518071806913369716e-03
1.495771005946046686e-02,-5.228517012385536233e-02,9.316484909411700821e-01,9.228228778358512838e-03,2.047376203063801942e-02,4.663119468675401835e-01,8.843352492525275999e-01,2.793725009481800789e-02,1.557248242736511412e-02,1.196761405956140722e-01,1.097778176080931589e-01,-2.446915727078337044e-01,1.702613964407400510e-02,1.122993890490536356e-01,-6.414220060408845625e-02,-3.125933048936924696e-01,2.182754494435506371e-02,-2.803976857174573789e-01,6.199864151610032237e-02,1.171585417211331026e-01,9.722767233479780863e-04,-6.265393055397366906e-02,-5.635846624264657656e-01,4.507402930791645779e-01,-4.923579635699013579e-01,1.140346573180888390e+00,3.758279670454765103e-02,-1.519848728537729066e-01,8.286351909688574602e-02,-6.643031940765725674e-01,-4.019758053439348444e-01,5.998222629903151581e-01,1.134690417300584953e+00,-1.140568421815037897e-01,-5.416765613942346735e-02,-2.390307013816603612e-02
1.688958280191286965e-02,-5.654753216183922016e-02,9.316630892541446496e-01,1.197522930831432242e-02,1.792777277117984028e-02,4.726340365332610816e-01,8.809950376459295684e-01,2.819751950509854360e-02,1.797557265192854109e-02,1.148714653020656840e-01,1.143671213254382896e-01,-2.418191525784733065e-01,1.079474805054082831e-02,1.191411650336116901e-01,-6.157296634464592272e-02,-3.188924600723419545e-01,2.241139294418167949e-02,-2.824767519364967949e-01,5.806333501053620449e-02,1.216411634046184881e-01,4.382604028487386075e-03,-6.430521021544365057e-02,-6.141416266201367158e-01,4.634654791682742414e-01,-4.964841577131928196e-01,1.137327297696147932e+00,1.295772585303890494e-02,-1.496872841911202068e-01,8.638560679711206058e-02,-7.118744461750963204e-01,-4.037749351323978719e-01,5.947723380500680168e-01,1.141350901754530245e+00,-8.026749091557872084e-02,-5.280154233932965457e-02,-4.178466175888569112e-02
1.866433881894676017e-02,-5.877014913965333820e-02,9.315487010357730302e-01,1.393761803897389587e-02,1.631388849104914787e-02,4.764070065915499974e-01,8.789630048620808989e-01,3.108420004952227797e-02,1.884920848045178871e-02,1.090586874487316227e-01,1.141587896985221950e-01,-2.410523302089340458e-01,6.715491162306493414e-03,1.235660498668675611e-01,-6.038274740921865946e-02,-3.213943977894031523e-01,2.498132245186730077e-02,-2.858053056308902939e-01,5.763013580928362523e-02,1.250852676287961818e-01,6.441335598946110880e-03,-6.701542019803111150e-02,-6.636717357160668573e-01,4.805812847590333892e-01,-4.937901693209175158e-01,1.132137056385488449e+00,-7.852452669430810481e-03,-1.468596334708495155e-01,9.825314035790977396e-02,-7.498112579402314015e-01,-4.038897067653731132e-01,5.836033130821176584e-01,1.149195881630874494e+00,-4.774021839095166780e-02,-4.939935147078702848e-02,-6.164522662192036678e-02
1.837356506503797643e-02,-6.143510327994390618e-02,9.316457326482743273e-01,1.573032954108884163e-02,1.385748587965944696e-02,4.824666641341194273e-01,8.756634312433725364e-01,2.914571606643139717e-02,1.862419375976735736e-02,1.021414766272680241e-01,1.204071913029808871e-01,-2.386613491463424053e-01,4.757696086901736301e-03,1.282713218604928651e-01,-6.044571521461325481e-02,-3.289462572096593651e-01,2.744935801318940799e-02,-2.862604687060800179e-01,5.308514313004439322e-02,1.302336601193890830e-01,9.094117604153696341e-03,-6.956095633254553989e-02,-7.131273970035827414e-01,4.935664266624036345e-01,-4.981378608216201487e-01,1.129567795946705644e+00,-2.458456774657655566e-02,-1.434899652812729742e-01,1.049550978961222569e-01,-7.902306194200199307e-01,-4.052093961979869041e-01,5.693211608606484342e-01,1.155730286140230101e+00,-5.601420251098637726e-03,-4.687832350362283740e-02,-8.579220422538082202e-02
1.365511303143221097e-02,-7.183027375472708642e-02,9.339863839255136968e-01,1.465792360838228878e-02,6.401989099733982648e-03,4.880521999609374606e-01,8.726678691944300681e-01,-9.573806244783916036e-05,3.455091748179615896e-02,8.738393893477319763e-02,1.611330423620226104e-01,-2.262688593106291224e-01,9.401784933046692045e-04,1.224752027442631563e-01,-5.333524015537044471e-02,-3.230061316308422970e-01,2.988185771447929295e-02,-2.586973386378304540e-01,3.619599938229466768e-02,1.254031781053142336e-01,2.226203050057320304e-02,-4.354786961841151938e-02,-7.654472047650617839e-01,5.079811493934575095e-01,-5.031410183612092801e-01,1.124540358949342345e+00,-3.860720630909375561e-02,-1.411932955823632097e-01,1.149124512187238850e-01,-8.286011394355278226e-01,-4.120755209626203452e-01,5.546500935058271686e-01,1.148749815501368232e+00,3.685595050777436266e-02,-4.916092445496631630e-02,-1.070461504278788917e-01
1.308037067026513595e-02,-7.374489864059075028e-02,9.339469614515689688e-01,1.535985780748216553e-02,3.593168449003490521e-03,4.914324664675920329e-01,8.707728146940565406e-01,-1.964132742782456146e-03,3.659951416719033068e-02,8.276309780666074589e-02,1.693574623037666926e-01,-2.260742012542865109e-01,-4.677826056864865627e-03,1.278651013594886421e-01,-5.092318580737639072e-02,-3.265796395179043077e-01,2.827352829426950376e-02,-2.578111184371399967e-01,3.583066314096818028e-02,1.295661113278478715e-01,2.558326225414491242e-02,-3.623266594121302142e-02,-8.122956165667842843e-01,5.210619685285784453e-01,-4.962321266515253848e-01,1.114695769326392139e+00,-6.711424204165894469e-02,-1.388179883721200603e-01,1.299367285793913973e-01,-8.663448657002178477e-01,-4.154733869322225215e-01,5.366797247693003703e-01,1.141340581112219033e+00,8.741937482197777165e-02,-4.749836391066217245e-02,-1.238571835020687573e-01
1.286031030989415874e-02,-7.642829925655980627e-02,9.338632990533258793e-01,1.658609425654206104e-02,1.400239459743090557e-03,4.960977420912321967e-01,8.681071195991595379e-01,-5.912849117347896560e-03,3.741145167098756247e-02,7.686727925417738416e-02,1.778723057317722622e-01,-2.237669158653883272e-01,-1.188386784979435576e-02,1.319057078700713315e-01,-4.926703508087729166e-02,-3.280732243480640742e-01,2.739827710713876874e-02,-2.580731788062541332e-01,3.317150179619388073e-02,1.303991704819767450e-01,2.590516482339165136e-02,-3.414107251972237078e-02,-8.547150792552887788e-01,5.347912404610427606e-01,-5.062003334657881881e-01,1.103979125947798234e+00,-8.014439240759875516e-02,-1.342982400170862900e-01,1.335823078887103665e-01,-8.985425262329747031e-01,-4.250995417619684580e-01,5.296157276852968554e-01,1.135426761023941244e+00,1.210258797840837452e-01,-4.630652800173399447e-02,-1.391919482745362924e-01
1.398589522182847912e-02,-7.896320089515443397e-02,9.339800242530792440e-01,1.827565780989283753e-02,2.727732580724603461e-04,5.016505460023492624e-01,8.648772488751856891e-01,-1.194158096718200487e-02,3.744605604742054505e-02,7.121804611004449448e-02,1.890717560910183115e-01,-2.179075971611754703e-01,-1.630878089096254868e-02,1.348497344681632570e-01,-4.926403208151283741e-02,-3.370235404446799699e-01,2.982289486663643185e-02,-2.592183261358438351e-01,2.908003140126060385e-02,1.371885084003613142e-01,2.508259295794417615e-02,-3.032501539598760759e-02,-8.975341636794803568e-01,5.439178878830894792e-01,-5.073550082163077457e-01,1.091540238570574362e+00,-9.999954417399128936e-02,-1.300437190733357562e-01,1.424225669204575995e-01,-9.285621612633124800e-01,-4.313742627385285244e-01,5.182735466442065508e-01,1.123841287460982219e+00,1.553334226407199481e-01,-4.662046253939178958e-02,-1.549674414561391100e-01
1.541919845495786680e-02,-8.107404528626604989e-02,9.338452951728751783e-01,1.967947949816249709e-02,-3.415304896623666889e-04,5.076970498664228337e-01,8.613108074327968655e-01,-1.522337202767832728e-02,3.690942063677869062e-02,6.412574162534784294e-02,1.936674047815876154e-01,-2.164917830272010124e-01,-2.033103709686462368e-02,1.376687398557033815e-01,-4.908177303261275493e-02,-3.459249798569663525e-01,3.131320423309051637e-02,-2.611113917366604253e-01,2.554128824407041892e-02,1.440709060544630160e-01,2.541317726082788567e-02,-2.995428934176915664e-02,-9.399458783380841842e-01,5.517761765972397647e-01,-5.093317296642775327e-01,1.078458330202861193e+00,-1.222185805958464211e-01,-1.266461468409149915e-01,1.481913775992414195e-01,-9.609424454074888544e-01,-4.367284487340803989e-01,5.032534124780060347e-01,1.112281698636739868e+00,1.960725404844455011e-01,-4.973398531328963867e-02,-1.699193382168125155e-01
1.765356688142406469e-02,-8.239277494289090620e-02,9.338499915954799890e-01,2.113693310353550667e-02,-5.258061426684122134e-04,5.128568044239165680e-01,8.582137564400638130e-01,-1.871489366616797129e-02,3.738845857836646525e-02,6.166221685178982503e-02,2.015728240176089814e-01,-2.134074443427886325e-01,-2.491837707327801757e-02,1.395495647595773048e-01,-4.895745378502022738e-02,-3.499000855765601603e-01,3.537941366931963982e-02,-2.643948884013410661e-01,1.952187817270931505e-02,1.461827714130688460e-01,2.464768884879151023e-02,-2.582894048832718240e-02,-9.744183626567375356e-01,5.606775510878898583e-01,-5.125529206835260920e-01,1.058629369052987101e+00,-1.414112773304181669e-01,-1.252360636746555900e-01,1.579797677256965793e-01,-9.866555565145482820e-01,-4.389845116252457102e-01,4.882618757107056173e-01,1.100329308176778653e+00,2.331404616487578740e-01,-5.155433704989931948e-02,-1.929162986866545249e-01
2.104832543294630348e-02,-8.312483573447447538e-02,9.337895311119838171e-01,2.218415909604394901e-02,7.358696348615135097e-04,5.190967361505515187e-01,8.544272351107063956e-01,-2.144575091402058445e-02,3.749089707337347616e-02,5.821995611746395849e-02,2.045284250226159228e-01,-2.130256339312247560e-01,-2.854672042827197803e-02,1.419467875611561403e-01,-4.869887524478722779e-02,-3.615254690359726020e-01,3.589068755353105877e-02,-2.661249418647710363e-01,1.673942625790484501e-02,1.539890799441445135e-01,2.449283085277929525e-02,-2.262174042524602025e-02,-1.006685868837558839e+00,5.665128111700592495e-01,-5.112704552861663254e-01,1.035674815877818622e+00,-1.648293112727292897e-01,-1.255492180904601851e-01,1.656529623082164948e-01,-1.010591867751186923e+00,-4.367373153155868493e-01,4.694898609146582191e-01,1.086003628203239924e+00,2.803820406902947093e-01,-5.721448702526626268e-02,-2.083410811290618281e-01
2.346692602892967022e-02,-8.629683102960244989e-02,9.337937812755650047e-01,2.400316401159462154e-02,8.742572501058173788e-04,5.254247981094035680e-01,8.505009496310895756e-01,-2.687524468137357514e-02,3.898697410969378940e-02,5.846017752547329194e-02,2.125609004444290462e-01,-2.085998149525074563e-01,-3.549660363546813108e-02,1.440841052497832953e-01,-4.789681373233597994e-02,-3.722912600106461634e-01,3.508106577254505032e-02,-2.666398761584670707e-01,1.401634761810361535e-02,1.595017051068954028e-01,2.282769783198871846e-02,-1.599963365820299827e-02,-1.035597064995508854e+00,5.703096727402967581e-01,-5.108845394687508978e-01,1.012858706077037318e+00,-1.905496473388954837e-01,-1.275045373190098197e-01,1.771324281442661075e-01,-1.030444043218916361e+00,-4.404347326768995319e-01,4.474248219178080799e-01,1.063654603206431348e+00,3.258382695082798763e-01,-6.727848301416870791e-02,-2.303041849478357217e-01
2.149292845682044747e-02,-8.341268612320006104e-02,9.337703191128069458e-01,2.222863044201548594e-02,1.724548576245966318e-03,5.309748497104882503e-01,8.470942231510047993e-01,-2.500851351427170813e-02,3.787454611204032345e-02,6.329084562467701680e-02,2.083698781819483536e-01,-2.190827996511123255e-01,-2.717892101198897056e-02,1.438180283305866558e-01,-5.090696946344386992e-02,-3.780275820965765532e-01,3.681165959293102030e-02,-2.650887139752002852e-01,1.535754396793362168e-02,1.608106568642647394e-01,2.269046463463082405e-02,-9.930008966171393475e-03,-1.061621740298870131e+00,5.767529268597939573e-01,-5.125031187608658501e-01,9.758317256620776536e-01,-2.163572735680947823e-01,-1.358831254982009462e-01,1.931218167261212482e-01,-1.044705771905112046e+00,-4.397502841749541536e-01,4.198510380698811106e-01,1.034361715080389654e+00,3.753190164026219966e-01,-8.010715972668037976e-02,-2.555637914968176827e-01
2.186878124916262836e-02,-8.385827294994421810e-02,9.337762419285534632e-01,2.147371976899514756e-02,2.189645718170129315e-03,5.358452108480770137e-01,8.440402803315082414e-01,-2.631746060965743997e-02,3.956440702993058167e-02,6.479147543278496180e-02,2.067175797797268233e-01,-2.220533001003403006e-01,-2.807095281266995535e-02,1.428193789750663301e-01,-5.004328813202460480e-02,-3.853045772099147337e-01,3.835261420196692250e-02,-2.639150050162036298e-01,1.440606712590280017e-02,1.632392524790364230e-01,2.258605110311812797e-02,-4.827666960589709760e-03,-1.086895646000240134e+00,5.805400341145519061e-01,-5.152255725423838806e-01,9.447853541399194865e-01,-2.331305050242797883e-01,-1.407531186863853201e-01,2.127652150162241962e-01,-1.054493758277625926e+00,-4.383491596064630347e-01,3.924723310554988909e-01,1.004963443867294526e+00,4.210329354219349840e-01,-9.621165204456665065e-02,-2.870111499090623464e-01
2.382774746862194662e-02,-8.281874769928647406e-02,9.339261387784406621e-01,2.045969657910218925e-02,3.812130754703749527e-03,5.401926085345146733e-01,8.412840270441822588e-01,-2.381419875306780079e-02,4.189040353988628812e-02,6.728763555374338290e-02,1.996355911075491374e-01,-2.251122205399614939e-01,-2.741395003972563194e-02,1.412824230787948221e-01,-4.911667071285208408e-02,-3.910845327908083480e-01,4.101180833658835123e-02,-2.620185834548611759e-01,1.466043203841494585e-02,1.660431155896076039e-01,2.409715259671599275e-02,-1.657907827763989428e-03,-1.108843272274993685e+00,5.849523726529884948e-01,-5.201196358567603539e-01,9.123939157003193579e-01,-2.463867961639072679e-01,-1.442446183046493247e-01,2.350707977401519655e-01,-1.061793048487453373e+00,-4.308740485351442162e-01,3.650921357648750365e-01,9.754583466543096382e-01,4.647391343048572487e-01,-1.138986161127225616e-01,-3.183781635974980428e-01
2.229769938076996486e-02,-8.386545712875478897e-02,9.340120212387726939e-01,1.925796174214090481e-02,4.267014052503916542e-03,5.448576784828232933e-01,8.382965070301331423e-01,-2.534270153118508423e-02,4.200599314533180750e-02,6.851808924339039542e-02,1.930154262012765409e-01,-2.270298410454226201e-01,-2.647376550368412199e-02,1.382294866531564304e-01,-4.931626981776690566e-02,-3.971954710703076152e-01,4.085651377169183252e-02,-2.584001556800150090e-01,1.033836837842488227e-02,1.687975513961028073e-01,1.787110272969395786e-02,-1.073377705460260012e-03,-1.137221849745458924e+00,5.899670707756190513e-01,-5.207824701848883242e-01,8.863596371543760455e-01,-2.557112466866153233e-01,-1.484920279807125376e-01,2.524933434601385751e-01,-1.075204021313044267e+00,-4.340880992197067023e-01,3.572126628301269813e-01,9.410614155085138544e-01,4.811940649603085873e-01,-1.260608831177314482e-01,-3.334421035720068205e-01
2.166605622149070029e-02,-8.571257939557171135e-02,9.341463766112565459e-01,1.870918503405421401e-02,3.474217594470187416e-03,5.497912384376490991e-01,8.350853192007769987e-01,-2.290560644335049717e-02,4.474064006320740972e-02,7.340855351377151283e-02,1.845137438196109425e-01,-2.282272955398969017e-01,-2.764435935988999657e-02,1.375228314642113758e-01,-4.761775390215851333e-02,-4.015650160098940269e-01,4.106127130245071366e-02,-2.529929484215459601e-01,1.001551735423011902e-02,1.665625262459173861e-01,1.643907740253259392e-02,1.517702563235530377e-03,-1.158105216545159522e+00,5.873604937893096567e-01,-5.139639706348925197e-01,8.606837502451506472e-01,-2.840776783577352305e-01,-1.531386223320138629e-01,2.721481855062017341e-01,-1.092402804841724917e+00,-4.321079024046398098e-01,3.419959941020264682e-01,9.052394900692739554e-01,5.058650760621107301e-01,-1.400275126571588480e-01,-3.484838594656501920e-01
2.215213156408717479e-02,-8.774208515136695807e-02,9.344485047925231713e-01,1.833774289557419529e-02,3.929901195708623320e-03,5.540000159056753803e-01,8.323053919317109361e-01,-2.537081361441072963e-02,4.581430301671286787e-02,7.220542163650167655e-02,1.799470319954264985e-01,-2.250282151122709184e-01,-3.215549450323753472e-02,1.337575173577813525e-01,-4.692432435576122246e-02,-4.073596696601061717e-01,4.406628021403403983e-02,-2.496089396262061444e-01,6.561529929550692468e-03,1.685013096333876081e-01,1.535877674721666981e-02,4.806027409119804916e-03,-1.187168988430804761e+00,5.897239484678479249e-01,-5.130216782743721726e-01,8.314035683780731656e-01,-3.126502566612225920e-01,-1.581403371135332858e-01,2.855989492339517932e-01,-1.117210979661863446e+00,-4.377364951372428314e-01,3.415352670005992741e-01,8.755872329165895751e-01,5.201077614286374606e-01,-1.489330974166677979e-01,-3.648922850979909871e-01
2.195685369389347927e-02,-8.999568162940926874e-02,9.346759732808014309e-01,1.814541365971202025e-02,3.884911903360205657e-03,5.588828626468468341e-01,8.290389600388430313e-01,-2.783091898701739106e-02,4.644282704384190830e-02,7.247009650457447716e-02,1.767524957028278054e-01,-2.236233306770823992e-01,-3.335047910161903495e-02,1.306836943501318848e-01,-4.713765795734764508e-02,-4.163880953347101621e-01,4.737276919419941557e-02,-2.459892953467469057e-01,-4.219816618153474086e-04,1.707252075520860335e-01,1.412379544141023624e-02,8.280512663449316607e-03,-1.208818670302979958e+00,5.932264458846092658e-01,-5.142394223702464462e-01,8.117560333857930521e-01,-3.360397453164817860e-01,-1.627922421787873775e-01,2.938557063239641276e-01,-1.138620832846819697e+00,-4.442529368841641180e-01,3.433882218470992731e-01,8.515352778549590829e-01,5.279009738997713086e-01,-1.562280871367688617e-01,-3.767533204016774162e-01
2.169722396424049113e-02,-9.045896647588039241e-02,9.348393688128543433e-01,1.674961599370263649e-02,3.873646192440570978e-03,5.652656107815821063e-01,8.247297948400821310e-01,-2.924075534285221212e-02,4.830233685883737749e-02,7.510218302626042730e-02,1.735141052668949802e-01,-2.258492716757158625e-01,-3.437974586764545870e-02,1.298649028553341411e-01,-4.585239829385647642e-02,-4.252762084257147857e-01,4.795908106722436559e-02,-2.401171769185472815e-01,-2.640091014651264369e-03,1.706443051549007550e-01,1.681987438593117445e-02,7.474166411302701069e-03,-1.237255614034102891e+00,5.984840717075676775e-01,-5.171392469270875702e-01,7.919805865491361674e-01,-3.495973715405377713e-01,-1.669720712896399228e-01,3.022571216873158884e-01,-1.162282212216009247e+00,-4.478567474825060901e-01,3.342792964899670149e-01,8.321036224067482889e-01,5.436712678849441316e-01,-1.673202487889989543e-01,-3.951519043715512325e-01
2.390073914838715397e-02,-9.128936952508563685e-02,9.352133369871595825e-01,1.706558447475762380e-02,4.992552162026480701e-03,5.709012511500247689e-01,8.208261701997450199e-01,-3.376391930980138234e-02,4.898823115004678069e-02,7.578150148967761901e-02,1.795725284286888157e-01,-2.229516604398920077e-01,-3.500171335452470500e-02,1.282368335368684054e-01,-4.649853433980718348e-02,-4.341621795098870584e-01,5.188075189012826549e-02,-2.381986244214733817e-01,-1.173932095569002118e-02,1.730929360426794739e-01,1.488251252310936884e-02,1.037066260574463772e-02,-1.267756408287474379e+00,6.129858912514662972e-01,-5.385287739401821705e-01,7.704920020081489351e-01,-3.441643649056572718e-01,-1.695689883297454847e-01,3.025057222433786830e-01,-1.186391215174755986e+00,-4.606070970781990237e-01,3.469929245082412628e-01,8.140110759977363664e-01,5.429433628346362894e-01,-1.715387022189106547e-01,-4.037008448599281873e-01
2.652274423896277405e-02,-9.316662151598899266e-02,9.355035617476143983e-01,1.843340560360851380e-02,5.755471006467164329e-03,5.761994876798816057e-01,8.170809228643076683e-01,-3.570744545088239824e-02,4.931478411536695250e-02,7.691715088511531795e-02,1.851133293074336827e-01,-2.218775252918708252e-01,-3.661054460010366995e-02,1.272818757893096620e-01,-4.712943891164727422e-02,-4.396354760808420803e-01,5.530701328794893068e-02,-2.370033134482280035e-01,-2.060150971427378991e-02,1.729232863947056387e-01,9.712862887228996059e-03,1.409696324130170139e-02,-1.298141632664963740e+00,6.194026173534796786e-01,-5.444722161200403754e-01,7.543887937982804992e-01,-3.514870886601317856e-01,-1.729182535716873581e-01,3.054745373075861137e-01,-1.210629751836654888e+00,-4.696112079252441340e-01,3.583308181049518759e-01,7.983187972882511696e-01,5.434381842613676961e-01,-1.746954370347481578e-01,-4.055617244858225612e-01
2.971911922661872596e-02,-9.835266153125127309e-02,9.357186164320677735e-01,2.061651708891221527e-02,6.590232259424062648e-03,5.810966808516822013e-01,8.135466646511726463e-01,-3.736062983642635810e-02,5.121442125231617792e-02,8.394483119012924321e-02,1.897695643977123647e-01,-2.221957533643110771e-01,-4.008256153331186955e-02,1.230104211802878489e-01,-4.745178421334961261e-02,-4.490593086034468939e-01,5.909303148909031411e-02,-2.362888751037293400e-01,-2.675603011958638255e-02,1.714182076888569883e-01,5.677884702585246288e-03,1.660475724312744650e-02,-1.328107618965563175e+00,6.320978994382978611e-01,-5.574177770613126803e-01,7.392958943708137776e-01,-3.475591230352820249e-01,-1.743719745415288069e-01,3.087779046447786113e-01,-1.239369669861608569e+00,-4.862827108159739620e-01,3.784204680615517735e-01,7.836966617279388370e-01,5.309554920822292523e-01,-1.753473946499458092e-01,-4.054314101699326156e-01
3.198875870489122780e-02,-1.012152382089308716e-01,9.360920152571921005e-01,2.216265027625006004e-02,8.108278970570887562e-03,5.876547097740825176e-01,8.087675901179564031e-01,-3.795583242059148016e-02,5.057889234252309352e-02,9.015565705401465402e-02,1.983699754868575582e-01,-2.276144020049822858e-01,-3.877208536041711756e-02,1.217959990483563071e-01,-4.942937072822665978e-02,-4.609556205388347649e-01,5.861070169242454941e-02,-2.351522669842587288e-01,-3.020928415866843894e-02,1.704261018292480834e-01,1.622850584567909604e-03,1.895806839548008424e-02,-1.355036369861992940e+00,6.409278774219420161e-01,-5.709574684727808380e-01,7.301766345919414869e-01,-3.386095829492710707e-01,-1.736267824745936217e-01,3.194201704490751692e-01,-1.264304201119231363e+00,-5.034807226816515602e-01,3.947857074335867078e-01,7.820952683253868942e-01,5.139271771398642441e-01,-1.734256355881312883e-01,-4.193169570200727669e-01
3.705937480583707672e-02,-1.062434085361842889e-01,9.366847771339145146e-01,2.605576647788138134e-02,1.142119351566571114e-02,5.964579346124591064e-01,8.021400037460836296e-01,-3.694445926327299262e-02,4.861566314078027973e-02,1.043919331660788652e-01,2.159891698752015032e-01,-2.368833370588119547e-01,-3.674069203781922532e-02,1.196518670466635015e-01,-5.329352166463722368e-02,-4.725669394824995040e-01,5.718568641048654699e-02,-2.372189135787713399e-01,-3.870237105089203294e-02,1.665383104170958806e-01,-9.913254984249912291e-03,2.286421040823695058e-02,-1.377589075657643214e+00,6.464321559962789010e-01,-5.832146798965970325e-01,7.208548844219377916e-01,-3.296570622419448537e-01,-1.709723723468010992e-01,3.232500059800068604e-01,-1.291093155866206876e+00,-5.290549381247761085e-01,4.403079375985935462e-01,7.774556739675947403e-01,4.745596961867276642e-01,-1.587861498781235337e-01,-4.145995814652760347e-01
4.138493194956045090e-02,-1.116319076357665530e-01,9.378289574111765559e-01,3.021607767653236229e-02,1.554120224915481185e-02,6.080476264716832002e-01,7.931730855397507440e-01,-2.883747117923607037e-02,5.092181443283307768e-02,1.362003859518919890e-01,2.447837132045306563e-01,-2.509935942083569849e-01,-2.111748999486468686e-02,1.154325726168890509e-01,-6.111824910651145193e-02,-4.891265885939166669e-01,5.818504879740327151e-02,-2.371791888511063651e-01,-4.275389043368937880e-02,1.574808487824164160e-01,-1.772233165827634058e-02,2.517782282224636028e-02,-1.399869264637950028e+00,6.432466715503984966e-01,-5.842766457481500808e-01,7.190909460006986720e-01,-3.283964357196124673e-01,-1.664221434544592149e-01,3.293464799374671292e-01,-1.312284061178737415e+00,-5.432752329980250483e-01,4.590692390990915306e-01,7.761330890978095365e-01,4.601126399466670125e-01,-1.520686220648556908e-01,-4.185281145914998002e-01
4.355526768239020852e-02,-1.177193275695536945e-01,9.389596348028007577e-01,3.378822189118378672e-02,1.904480283477227170e-02,6.184082578825204068e-01,7.848992789709534623e-01,-1.989358221413717320e-02,5.470152181511254291e-02,1.669861516483772124e-01,2.772166596906224800e-01,-2.541926898368217502e-01,-1.005572312046347679e-02,1.083507034996055163e-01,-7.066193749626951959e-02,-5.050366879643998219e-01,6.168293886239184509e-02,-2.350768240625939198e-01,-4.869040959779035588e-02,1.475477105040760573e-01,-2.837394867723374084e-02,2.534804597068391480e-02,-1.419745076826351760e+00,6.435204821671572928e-01,-5.902452415164153310e-01,7.084907402840520119e-01,-3.201378258676889632e-01,-1.671046440600860716e-01,3.334007549812827431e-01,-1.331272554009284681e+00,-5.609087540899273527e-01,4.803901915222768548e-01,7.626521704159806569e-01,4.370257368319039881e-01,-1.494337620744923545e-01,-4.227711388396905856e-01
4.622339094152663752e-02,-1.241052633474885591e-01,9.403375359860325355e-01,3.777213541730036622e-02,2.146791748764523278e-02,6.275793108572902401e-01,7.773394386551149005e-01,-1.863203623821367561e-02,5.787238652932429062e-02,1.864121985528111591e-01,3.086164866031882448e-01,-2.490764142093027933e-01,-7.222919722085003290e-03,1.023762532340701803e-01,-7.994754244512780605e-02,-5.142623811226260111e-01,6.409593336143283582e-02,-2.265783401487190263e-01,-5.541868835137878785e-02,1.374307244822197405e-01,-3.646484318866518443e-02,3.476938632313774508e-02,-1.436540032968598668e+00,6.443625639081088652e-01,-5.901321616135810633e-01,6.971990984498762645e-01,-3.092623998236458949e-01,-1.655161833895626433e-01,3.373840651097582688e-01,-1.344244528621912460e+00,-5.780927784287074322e-01,4.903940550886162764e-01,7.385175455683125056e-01,4.106866774007554288e-01,-1.483502720890327864e-01,-4.319116986317860785e-01
5.111483322943483759e-02,-1.281394653278769558e-01,9.417161913927595274e-01,4.234769265875505673e-02,2.457892070296334788e-02,6.342638042201712567e-01,7.715646286862254399e-01,-1.057678052635275742e-02,5.450050316407029083e-02,1.934809762134972466e-01,3.557961979333924551e-01,-2.437130991115947776e-01,-4.899865436029780634e-03,9.820496890271485091e-02,-8.738064494877315069e-02,-5.157984545699645373e-01,7.020304661388626633e-02,-2.248405919897759619e-01,-6.371109931235489909e-02,1.282536581714685264e-01,-4.579886885298359300e-02,3.449187728547671583e-02,-1.448900046324760105e+00,6.503169100238604949e-01,-6.002525314519032706e-01,6.845926051770807597e-01,-2.879559437199576966e-01,-1.596474723973002330e-01,3.387253203552707537e-01,-1.352790436533933160e+00,-5.876553119768672673e-01,5.000391358589194590e-01,7.192207397973726657e-01,3.952151278328664419e-01,-1.443472562829764272e-01,-4.377836948959218932e-01
5.297352218451117228e-02,-1.323555828071316942e-01,9.424017422584887171e-01,4.401168884816539228e-02,2.768369172475455831e-02,6.403724475186525211e-01,7.663026248918837213e-01,-4.410952288638918424e-03,5.177926294881893265e-02,1.946653146684771407e-01,3.816348288431040681e-01,-2.363635470933330707e-01,-1.293934509191957058e-02,9.080785325164904276e-02,-9.338683116806885398e-02,-5.239108191596685282e-01,7.216954538706243927e-02,-2.220714053916609809e-01,-6.906029261748210246e-02,1.186709905099448403e-01,-5.397545395145936231e-02,3.355190542585376190e-02,-1.460090299403233871e+00,6.492035066698680357e-01,-6.035127505888999710e-01,6.744701912532965471e-01,-2.921568479309238908e-01,-1.602772124599266546e-01,3.408648874776634141e-01,-1.359360387033905271e+00,-5.964397049275314000e-01,5.033274260448276083e-01,6.983967118216206638e-01,3.796356803994517803e-01,-1.457933306353906555e-01,-4.450362861210324095e-01
5.760710427876574585e-02,-1.374957501674658467e-01,9.438985407427441521e-01,4.898519562400517613e-02,3.172957624131875903e-02,6.484593254310341282e-01,7.590086876069017663e-01,8.636993171828264218e-03,4.677185380276573101e-02,2.000771193856388241e-01,4.410975458679637362e-01,-2.170771018977488143e-01,-1.652001063354482935e-02,8.616386037133461073e-02,-1.034385846867141440e-01,-5.313659117859336201e-01,7.526414144973715692e-02,-2.195092193319682639e-01,-7.449324233163422126e-02,1.074261930903327583e-01,-6.609194376857012443e-02,2.994616729309404132e-02,-1.467318175439268124e+00,6.534253954685101951e-01,-6.153349748457536128e-01,6.593113458283089701e-01,-2.689993691173901413e-01,-1.597229006376456595e-01,3.498747715274823644e-01,-1.364458426265875435e+00,-6.073681324398083614e-01,5.165516152601840050e-01,6.784307847406970682e-01,3.551134031548163206e-01,-1.423417520497083366e-01,-4.545639485762798526e-01
6.114764466226130929e-02,-1.371935238407892554e-01,9.445847519190204711e-01,4.956821650711261407e-02,3.560023476139564241e-02,6.538382184536569719e-01,7.541692113090965321e-01,1.991047943736323766e-02,4.292960652904188878e-02,2.006904697719757991e-01,4.648190619940796853e-01,-2.057461092190839835e-01,-2.399051748826262764e-02,8.160105200319311969e-02,-1.078932217523611986e-01,-5.376393391395861698e-01,7.951081631029607855e-02,-2.181462671582191371e-01,-7.742208167671585373e-02,9.653838156897109890e-02,-7.396189857279353297e-02,2.575554362936297373e-02,-1.466525401178290222e+00,6.512558048845938918e-01,-6.116457863438430342e-01,6.439538685665167073e-01,-2.729221083537092807e-01,-1.638398626889137621e-01,3.560602591815241191e-01,-1.364582425752488781e+00,-6.106986570111594403e-01,5.110699159321790974e-01,6.506314698163621069e-01,3.486730833040236899e-01,-1.469468700923723670e-01,-4.654817567897962527e-01
6.572554692887509764e-02,-1.419451091843890178e-01,9.456445652964026172e-01,5.381611008709574762e-02,3.919826054217181305e-02,6.597499687467262008e-01,7.485300938534499293e-01,2.945244816717459968e-02,3.637880684822553112e-02,1.977719008233994880e-01,5.133499890258594878e-01,-1.809614942614204969e-01,-3.437834291001505560e-02,7.650808450202202515e-02,-1.158221593118887449e-01,-5.427589331949975726e-01,8.276193482137578217e-02,-2.165536326739264661e-01,-8.467646013471789856e-02,8.719411133402776848e-02,-8.311985628226906120e-02,2.231858393089564130e-02,-1.466928638450417655e+00,6.486753385452048715e-01,-6.097351671810690155e-01,6.249554276533135777e-01,-2.579600977586692379e-01,-1.675765943310979778e-01,3.698187835902789211e-01,-1.361261970147908729e+00,-6.114706111455271431e-01,5.083587073991481242e-01,6.274760498631513084e-01,3.325191422483392834e-01,-1.478780565184209805e-01,-4.834363548924798804e-01
6.900141832316115942e-02,-1.450450248722387481e-01,9.462708104012931276e-01,5.574635469498386009e-02,4.242803966219405032e-02,6.672748327590608541e-01,7.415096108311822753e-01,3.829491592844337655e-02,3.002102417484743546e-02,1.926602276973633787e-01,5.477854881803103648e-01,-1.572586642437116544e-01,-4.706152088719588178e-02,7.253886955499674882e-02,-1.214476383702431522e-01,-5.527659586831058514e-01,8.335030667520175462e-02,-2.149541186279191884e-01,-9.264831155401039020e-02,7.639099031984299126e-02,-9.135420729788970573e-02,1.563330085378461520e-02,-1.468276518619730631e+00,6.479446223125572279e-01,-6.168697361048866012e-01,6.086297813539064405e-01,-2.396653645377388175e-01,-1.691729214877076282e-01,3.754605252559808370e-01,-1.358767533089695334e+00,-6.211493974594956002e-01,5.135834383399741077e-01,6.069100274873560075e-01,3.010171801760033738e-01,-1.447352334699264220e-01,-4.961445675042508441e-01
7.338764915230377994e-02,-1.458433116218659509e-01,9.471489249989450965e-01,5.760347029919718476e-02,4.676897768428797675e-02,6.730616939895811557e-01,7.358549170996490085e-01,4.835572942846634581e-02,2.410526208285423966e-02,1.900627481672181041e-01,5.904691788584662815e-01,-1.339263047613377666e-01,-6.197571069072659034e-02,6.776926999005711272e-02,-1.283599202472349710e-01,-5.623575239292198935e-01,8.898453449311125030e-02,-2.144603857132799662e-01,-9.959146470005239560e-02,6.575394003126214248e-02,-1.020523641418791538e-01,1.106991817599893568e-02,-1.473026574367920283e+00,6.512964495532228559e-01,-6.152166760368589227e-01,5.828307536816235146e-01,-2.140901029904414832e-01,-1.729741164706212475e-01,3.925591733004761275e-01,-1.358239242535503433e+00,-6.276575236301532579e-01,5.145854936975083893e-01,5.736273106695317647e-01,2.711291316600509260e-01,-1.449121598167263658e-01,-5.140525915401010781e-01
7.692172702338016810e-02,-1.473508632120417716e-01,9.475512590589266759e-01,5.723197774811469851e-02,5.010213030956470193e-02,6.804204805250773092e-01,7.288636682833802283e-01,6.249443661153898655e-02,2.194566822749714763e-02,1.891841635395976606e-01,6.172519974430725753e-01,-1.025978883875127839e-01,-7.938331797428203884e-02,6.068197094374103151e-02,-1.316314599389004081e-01,-5.748246218588547451e-01,9.463766553943304960e-02,-2.127426000661052363e-01,-1.068611502983162626e-01,5.181646326956883958e-02,-1.071503425131028059e-01,1.739174877737059699e-03,-1.478795817340419871e+00,6.522901893563692877e-01,-6.220966602073144669e-01,5.753386821032056009e-01,-1.993010153056949119e-01,-1.706725754471663525e-01,3.952022691388970554e-01,-1.357576541249320146e+00,-6.338166111910915612e-01,5.175877333725227292e-01,5.501872637277807065e-01,2.578465450442893325e-01,-1.422836943439762247e-01,-5.209776315516886358e-01
7.879561475808168070e-02,-1.488282657503000317e-01,9.480666025087928217e-01,5.867577601942433607e-02,5.266528216277549523e-02,6.852957321749032493e-01,7.239843097927579629e-01,7.082186818071453671e-02,1.443739364108078370e-02,1.864279565090836699e-01,6.538242161432348265e-01,-7.995237159574733465e-02,-9.393702781418790393e-02,5.724153159083545522e-02,-1.383584900708490217e-01,-5.842160182071703955e-01,9.898795829449333339e-02,-2.137407639049256347e-01,-1.124731159772769939e-01,4.269472722255791830e-02,-1.162361465305880998e-01,-5.918268964292670853e-03,-1.481757349129248391e+00,6.540477776803802490e-01,-6.312300744819656639e-01,5.630232468906316567e-01,-1.881593781343966210e-01,-1.697953345589321983e-01,3.959704615986677778e-01,-1.355898312906109737e+00,-6.433075252561667456e-01,5.221995232557675726e-01,5.319831984104738121e-01,2.356927562670185772e-01,-1.377230147151231876e-01,-5.254182998249730119e-01
8.161319622541524099e-02,-1.489032508213850581e-01,9.483730551662470365e-01,5.981683489905794543e-02,5.557308291912849141e-02,6.911922821577005660e-01,7.180437366923767550e-01,7.728892621606771318e-02,8.003696777859546987e-03,1.915676446427146129e-01,6.832218786952289902e-01,-6.116897397676801518e-02,-1.075138804753033722e-01,5.446276418769163685e-02,-1.446873911512057131e-01,-5.950560628767337379e-01,1.055211132166303661e-01,-2.166917682590867311e-01,-1.234896019014622703e-01,3.470562076024935605e-02,-1.249239936457633288e-01,-8.823997598332408016e-03,-1.483219081103781978e+00,6.519946757832575379e-01,-6.275997195789764227e-01,5.458267018421787409e-01,-1.792446824801356142e-01,-1.747054994787441695e-01,4.045898230056315659e-01,-1.350812568805815017e+00,-6.509409567516262207e-01,5.151300285209461371e-01,5.054311268700082405e-01,2.075233322003763314e-01,-1.336062730400444931e-01,-5.391325575844111428e-01
8.018449127478145810e-02,-1.486993146051871217e-01,9.483415615585191194e-01,5.783829912959533720e-02,5.685668834408477701e-02,6.962471988447918037e-01,7.132053604994279539e-01,8.767676585256771460e-02,2.961238286769672830e-03,1.883400153569635971e-01,7.083537116702272041e-01,-2.929419522914635671e-02,-1.221087054835845453e-01,5.059605679287392660e-02,-1.482165085593504517e-01,-6.064829109668643525e-01,1.092672527111458042e-01,-2.198789685224057933e-01,-1.290571640065670822e-01,2.685335337011522314e-02,-1.310797225293927060e-01,-1.821077154215476612e-02,-1.487048942968243415e+00,6.524862491240032147e-01,-6.331014953689635405e-01,5.356436544220449791e-01,-1.548484772861928593e-01,-1.765924353506926059e-01,4.113368975932532590e-01,-1.341129295004953592e+00,-6.637706902683880861e-01,5.105539806944305870e-01,4.866058913133251562e-01,1.842309368608411047e-01,-1.323052412971790770e-01,-5.513115559114349917e-01
8.220516538166573739e-02,-1.499817750501885039e-01,9.483681986146748066e-01,5.719458816472836743e-02,5.906732097046579061e-02,7.019461106231884573e-01,7.074683656949025679e-01,9.577183705187214402e-02,-9.327982946307361318e-04,1.901032663849068771e-01,7.287790660483108862e-01,-6.161168091219040854e-03,-1.387414754066368661e-01,4.477505075986137201e-02,-1.515503359903955516e-01,-6.183712980654455516e-01,1.152228298801628859e-01,-2.209821774739598177e-01,-1.338518702734929622e-01,1.718577331062267829e-02,-1.350916337159835667e-01,-2.466925052013596575e-02,-1.488413667460483980e+00,6.547533228180592024e-01,-6.348154838127466615e-01,5.240602600305068748e-01,-1.365949603228399090e-01,-1.764170286177795532e-01,4.191541890447361696e-01,-1.338629642508913475e+00,-6.723550335875090322e-01,5.126823441513549406e-01,4.630194335389608007e-01,1.561837894495722578e-01,-1.286702375272425758e-01,-5.577900930690047332e-01
8.330874619551563443e-02,-1.491033366233963653e-01,9.480735061404625963e-01,5.543124795417343764e-02,6.033120077438114404e-02,7.061746545082747684e-01,7.032815085678577605e-01,1.057487089903585975e-01,-6.640550841752796210e-03,1.910830239805100250e-01,7.367078645658337033e-01,1.740509849393453989e-02,-1.508654949996719452e-01,4.069396388736890718e-02,-1.525527177301881920e-01,-6.283247044056922137e-01,1.225104689209497583e-01,-2.252676982427666563e-01,-1.401629030706434131e-01,7.934720910321844956e-03,-1.377856625105553234e-01,-3.140994726064461756e-02,-1.486396844541665541e+00,6.562682568140942863e-01,-6.314955211246223721e-01,5.099967363713229229e-01,-1.194491491476686318e-01,-1.760372103656767384e-01,4.234740432143047628e-01,-1.335461198621505696e+00,-6.786125970820606756e-01,5.130043747478343352e-01,4.363962624634409870e-01,1.269670880856588746e-01,-1.259926811079553621e-01,-5.638301213624613561e-01
8.340051709098331156e-02,-1.494356751399369410e-01,9.480595146116199690e-01,5.423885663658931794e-02,6.267842759824715504e-02,7.094880101447694765e-01,6.998259245022157016e-01,1.174530839687895067e-01,-7.643868848684893039e-03,1.990373620859103854e-01,7.460668153141924996e-01,3.098048763796822092e-02,-1.620727920673750155e-01,3.216695389462193716e-02,-1.592312263267277039e-01,-6.389601063349669152e-01,1.343344709361307121e-01,-2.288088318132916466e-01,-1.452240132424635899e-01,-7.888145379031548388e-04,-1.420384239793066050e-01,-3.905216755246079113e-02,-1.489351287511948341e+00,6.612080085946953067e-01,-6.303980996389462188e-01,4.992653639404435739e-01,-9.663977007746520076e-02,-1.753866461110075992e-01,4.301229416280522577e-01,-1.331228602115499760e+00,-6.862861806748300486e-01,5.148273682249288052e-01,4.124700470752715176e-01,1.013521358234549946e-01,-1.224844624535667559e-01,-5.698685237022534933e-01
8.350753936346221040e-02,-1.513828100689131595e-01,9.475068501464097848e-01,5.193785128528811967e-02,6.291755622445598106e-02,7.141825243428486791e-01,6.951885806354163311e-01,1.265838232689104614e-01,-9.031167826591617737e-03,2.029229660771124100e-01,7.386892383075800428e-01,4.032026500554952708e-02,-1.673155754972774079e-01,2.513872023813033471e-02,-1.597775987048666024e-01,-6.508206752580665277e-01,1.415190592765929178e-01,-2.310519972272317424e-01,-1.505417698216656996e-01,-8.791633293552592043e-03,-1.420553603510527618e-01,-4.511500376967579606e-02,-1.492603704513365548e+00,6.620643667420238465e-01,-6.363226073241178282e-01,4.905008521799221755e-01,-8.366186380447693249e-02,-1.738705709337029504e-01,4.278163588178490739e-01,-1.326977896236001042e+00,-6.926379914424091178e-01,5.146673312771551378e-01,3.950443364132203983e-01,8.753366225286299263e-02,-1.196623060747655093e-01,-5.739677973122497834e-01
8.357678300021223472e-02,-1.543107114328207130e-01,9.466430853010876501e-01,4.966617583125253199e-02,6.254269011286589519e-02,7.181783791579710030e-01,6.912608036058266459e-01,1.367401079435038025e-01,-9.041717241524152571e-03,2.055238912664950346e-01,7.283086863510888076e-01,6.307598785180260070e-02,-1.745028811961980009e-01,1.936914094602820366e-02,-1.577970667634002733e-01,-6.629144782519199586e-01,1.442684448157892096e-01,-2.348567437637466560e-01,-1.544346268266877376e-01,-1.877722349190576526e-02,-1.408215679443118873e-01,-5.049101364481478615e-02,-1.492680391834319442e+00,6.607879718528959501e-01,-6.358550985326411054e-01,4.860091149280965084e-01,-6.937600812256647376e-02,-1.713459143817432362e-01,4.338582875771967440e-01,-1.326488858502845813e+00,-6.970107420452150704e-01,5.165398413200713579e-01,3.813129305204007724e-01,6.846870027908744105e-02,-1.168661440594178785e-01,-5.811095267188159941e-01
8.171716920423913177e-02,-1.583118507641637640e-01,9.455920684128664710e-01,4.537713826265626915e-02,6.037970476027143540e-02,7.228703803589131560e-01,6.868432279464600221e-01,1.504008870250390373e-01,-1.029853691668414922e-02,2.039383415482412532e-01,7.034912667773023376e-01,7.991339318908753653e-02,-1.822577193417438679e-01,1.050630410194512872e-02,-1.542959450258968856e-01,-6.776027624947305039e-01,1.515558025842845546e-01,-2.362449545342265589e-01,-1.581291062746962850e-01,-3.194128619604859332e-02,-1.373314295392649709e-01,-5.605497315547135206e-02,-1.493800886023206154e+00,6.562499227384014366e-01,-6.340385472721795646e-01,4.780330920714149223e-01,-5.424180257658616638e-02,-1.707542334039418019e-01,4.419283333588556739e-01,-1.324375111583911524e+00,-7.054514535110821827e-01,5.196637278951592442e-01,3.701856361233957782e-01,4.869980257568565229e-02,-1.134975948550314695e-01,-5.904124519268217908e-01